{"cameraMode":{"drawMode":0,"name":"Shaded","section":"Shading Mode"},"sceneLighting":true,"audioPlay":false,"sceneViewState":{"m_AlwaysRefresh":false,"showFog":true,"showSkybox":true,"showFlares":true,"showImageEffects":true,"showParticleSystems":true,"showVisualEffectGraphs":true,"m_FxEnabled":true},"in2DMode":false,"pivot":{"x":-3.977360248565674,"y":-164.18763732910157,"z":277.3935241699219},"rotation":{"x":0.26270177960395815,"y":-0.007224725093692541,"z":0.0020422451198101045,"w":0.9649323225021362},"size":163.89962768554688,"orthographic":false}